-- Automatically generated by SQLQueryTestSuite
-- Number of queries: 12


-- !query
select typeof(null)
-- !query schema
struct<typeof(NULL):string>
-- !query output
null


-- !query
select typeof(true)
-- !query schema
struct<typeof(true):string>
-- !query output
boolean


-- !query
select typeof(1Y), typeof(1S), typeof(1), typeof(1L)
-- !query schema
struct<typeof(1):string,typeof(1):string,typeof(1):string,typeof(1):string>
-- !query output
tinyint	smallint	int	bigint


-- !query
select typeof(cast(1.0 as float)), typeof(1.0D), typeof(1.2)
-- !query schema
struct<typeof(CAST(1.0 AS FLOAT)):string,typeof(1.0):string,typeof(1.2):string>
-- !query output
float	double	decimal(2,1)


-- !query
select typeof(date '1986-05-23'),  typeof(timestamp '1986-05-23'), typeof(interval '23 days')
-- !query schema
struct<typeof(DATE '1986-05-23'):string,typeof(TIMESTAMP '1986-05-23 00:00:00'):string,typeof(INTERVAL '23 days'):string>
-- !query output
date	timestamp	interval


-- !query
select typeof(x'ABCD'), typeof('SPARK')
-- !query schema
struct<typeof(X'ABCD'):string,typeof(SPARK):string>
-- !query output
binary	string


-- !query
select typeof(array(1, 2)), typeof(map(1, 2)), typeof(named_struct('a', 1, 'b', 'spark'))
-- !query schema
struct<typeof(array(1, 2)):string,typeof(map(1, 2)):string,typeof(named_struct(a, 1, b, spark)):string>
-- !query output
array<int>	map<int,int>	struct<a:int,b:string>


-- !query
select try(null) as try, null as notry
-- !query schema
struct<try:null,notry:null>
-- !query output
NULL	NULL


-- !query
select interval 1 day / 0 as notry
-- !query schema
struct<>
-- !query output
java.lang.ArithmeticException
divide by zero


-- !query
select try(interval 1 day / 0) as try
-- !query schema
struct<try:interval>
-- !query output
NULL


-- !query
select cast('1-1' as double) as notry
-- !query schema
struct<>
-- !query output
java.lang.NumberFormatException
invalid input syntax for type numeric: 1-1


-- !query
select try(cast('1-1' as double)) as try
-- !query schema
struct<try:double>
-- !query output
NULL
