-- Automatically generated by SQLQueryTestSuite
-- Number of queries: 60


-- !query
create temporary view v as select col from values
 (timestamp '1582-06-01 11:33:33.123UTC+080000'),
 (timestamp '1970-01-01 00:00:00.000Europe/Paris'),
 (timestamp '1970-12-31 23:59:59.999Asia/Srednekolymsk'),
 (timestamp '1996-04-01 00:33:33.123Australia/Darwin'),
 (timestamp '2018-11-17 13:33:33.123Z'),
 (timestamp '2020-01-01 01:33:33.123Asia/Shanghai'),
 (timestamp '2100-01-01 01:33:33.123America/Los_Angeles') t(col)
-- !query schema
struct<>
-- !query output



-- !query
select col, date_format(col, 'G GG GGG GGGG') from v
-- !query schema
struct<col:timestamp,date_format(col, G GG GGG GGGG):string>
-- !query output
1582-05-31 19:40:35.123	AD AD AD AD
1969-12-31 15:00:00	AD AD AD AD
1970-12-31 04:59:59.999	AD AD AD AD
1996-03-31 07:03:33.123	AD AD AD AD
2018-11-17 05:33:33.123	AD AD AD AD
2019-12-31 09:33:33.123	AD AD AD AD
2100-01-01 01:33:33.123	AD AD AD AD


-- !query
select col, date_format(col, 'GGGGG') from v
-- !query schema
struct<col:timestamp,date_format(col, GGGGG):string>
-- !query output
1582-05-31 19:40:35.123	AD
1969-12-31 15:00:00	AD
1970-12-31 04:59:59.999	AD
1996-03-31 07:03:33.123	AD
2018-11-17 05:33:33.123	AD
2019-12-31 09:33:33.123	AD
2100-01-01 01:33:33.123	AD


-- !query
select col, date_format(col, 'y yy yyy yyyy yyyyy yyyyyy yyyyyyy yyyyyyyy yyyyyyyyy yyyyyyyyyy') from v
-- !query schema
struct<col:timestamp,date_format(col, y yy yyy yyyy yyyyy yyyyyy yyyyyyy yyyyyyyy yyyyyyyyy yyyyyyyyyy):string>
-- !query output
1582-05-31 19:40:35.123	1582 82 1582 1582 01582 001582 0001582 00001582 000001582 0000001582
1969-12-31 15:00:00	1969 69 1969 1969 01969 001969 0001969 00001969 000001969 0000001969
1970-12-31 04:59:59.999	1970 70 1970 1970 01970 001970 0001970 00001970 000001970 0000001970
1996-03-31 07:03:33.123	1996 96 1996 1996 01996 001996 0001996 00001996 000001996 0000001996
2018-11-17 05:33:33.123	2018 18 2018 2018 02018 002018 0002018 00002018 000002018 0000002018
2019-12-31 09:33:33.123	2019 19 2019 2019 02019 002019 0002019 00002019 000002019 0000002019
2100-01-01 01:33:33.123	2100 00 2100 2100 02100 002100 0002100 00002100 000002100 0000002100


-- !query
select col, date_format(col, 'yyyyyyyyyyy') from v
-- !query schema
struct<col:timestamp,date_format(col, yyyyyyyyyyy):string>
-- !query output
1582-05-31 19:40:35.123	00000001582
1969-12-31 15:00:00	00000001969
1970-12-31 04:59:59.999	00000001970
1996-03-31 07:03:33.123	00000001996
2018-11-17 05:33:33.123	00000002018
2019-12-31 09:33:33.123	00000002019
2100-01-01 01:33:33.123	00000002100


-- !query
select col, date_format(col, 'Y YY YYY YYYY YYYYY YYYYYY YYYYYYY YYYYYYYY YYYYYYYYY YYYYYYYYYY') from v
-- !query schema
struct<col:timestamp,date_format(col, Y YY YYY YYYY YYYYY YYYYYY YYYYYYY YYYYYYYY YYYYYYYYY YYYYYYYYYY):string>
-- !query output
1582-05-31 19:40:35.123	1582 82 1582 1582 01582 001582 0001582 00001582 000001582 0000001582
1969-12-31 15:00:00	1970 70 1970 1970 01970 001970 0001970 00001970 000001970 0000001970
1970-12-31 04:59:59.999	1970 70 1970 1970 01970 001970 0001970 00001970 000001970 0000001970
1996-03-31 07:03:33.123	1996 96 1996 1996 01996 001996 0001996 00001996 000001996 0000001996
2018-11-17 05:33:33.123	2018 18 2018 2018 02018 002018 0002018 00002018 000002018 0000002018
2019-12-31 09:33:33.123	2020 20 2020 2020 02020 002020 0002020 00002020 000002020 0000002020
2100-01-01 01:33:33.123	2099 99 2099 2099 02099 002099 0002099 00002099 000002099 0000002099


-- !query
select col, date_format(col, 'YYYYYYYYYYY') from v
-- !query schema
struct<col:timestamp,date_format(col, YYYYYYYYYYY):string>
-- !query output
1582-05-31 19:40:35.123	00000001582
1969-12-31 15:00:00	00000001970
1970-12-31 04:59:59.999	00000001970
1996-03-31 07:03:33.123	00000001996
2018-11-17 05:33:33.123	00000002018
2019-12-31 09:33:33.123	00000002020
2100-01-01 01:33:33.123	00000002099


-- !query
select col, date_format(col, 'q qq') from v
-- !query schema
struct<>
-- !query output
java.lang.IllegalArgumentException
Illegal pattern character 'q'


-- !query
select col, date_format(col, 'qqq') from v
-- !query schema
struct<>
-- !query output
java.lang.IllegalArgumentException
Illegal pattern character 'q'


-- !query
select col, date_format(col, 'Q QQ QQQ QQQQ') from v
-- !query schema
struct<>
-- !query output
java.lang.IllegalArgumentException
Illegal pattern character 'Q'


-- !query
select col, date_format(col, 'QQQQQ') from v
-- !query schema
struct<>
-- !query output
java.lang.IllegalArgumentException
Illegal pattern character 'Q'


-- !query
select col, date_format(col, 'M MM MMM MMMM') from v
-- !query schema
struct<col:timestamp,date_format(col, M MM MMM MMMM):string>
-- !query output
1582-05-31 19:40:35.123	5 05 May May
1969-12-31 15:00:00	12 12 Dec December
1970-12-31 04:59:59.999	12 12 Dec December
1996-03-31 07:03:33.123	3 03 Mar March
2018-11-17 05:33:33.123	11 11 Nov November
2019-12-31 09:33:33.123	12 12 Dec December
2100-01-01 01:33:33.123	1 01 Jan January


-- !query
select col, date_format(col, 'MMMMM') from v
-- !query schema
struct<col:timestamp,date_format(col, MMMMM):string>
-- !query output
1582-05-31 19:40:35.123	May
1969-12-31 15:00:00	December
1970-12-31 04:59:59.999	December
1996-03-31 07:03:33.123	March
2018-11-17 05:33:33.123	November
2019-12-31 09:33:33.123	December
2100-01-01 01:33:33.123	January


-- !query
select col, date_format(col, 'L LL') from v
-- !query schema
struct<col:timestamp,date_format(col, L LL):string>
-- !query output
1582-05-31 19:40:35.123	5 05
1969-12-31 15:00:00	12 12
1970-12-31 04:59:59.999	12 12
1996-03-31 07:03:33.123	3 03
2018-11-17 05:33:33.123	11 11
2019-12-31 09:33:33.123	12 12
2100-01-01 01:33:33.123	1 01


-- !query
select col, date_format(col, 'LLL') from v
-- !query schema
struct<col:timestamp,date_format(col, LLL):string>
-- !query output
1582-05-31 19:40:35.123	May
1969-12-31 15:00:00	Dec
1970-12-31 04:59:59.999	Dec
1996-03-31 07:03:33.123	Mar
2018-11-17 05:33:33.123	Nov
2019-12-31 09:33:33.123	Dec
2100-01-01 01:33:33.123	Jan


-- !query
select col, date_format(col, 'w ww') from v
-- !query schema
struct<col:timestamp,date_format(col, w ww):string>
-- !query output
1582-05-31 19:40:35.123	22 22
1969-12-31 15:00:00	1 01
1970-12-31 04:59:59.999	53 53
1996-03-31 07:03:33.123	13 13
2018-11-17 05:33:33.123	46 46
2019-12-31 09:33:33.123	1 01
2100-01-01 01:33:33.123	53 53


-- !query
select col, date_format(col, 'www') from v
-- !query schema
struct<col:timestamp,date_format(col, www):string>
-- !query output
1582-05-31 19:40:35.123	022
1969-12-31 15:00:00	001
1970-12-31 04:59:59.999	053
1996-03-31 07:03:33.123	013
2018-11-17 05:33:33.123	046
2019-12-31 09:33:33.123	001
2100-01-01 01:33:33.123	053


-- !query
select col, date_format(col, 'W') from v
-- !query schema
struct<col:timestamp,date_format(col, W):string>
-- !query output
1582-05-31 19:40:35.123	5
1969-12-31 15:00:00	5
1970-12-31 04:59:59.999	5
1996-03-31 07:03:33.123	4
2018-11-17 05:33:33.123	3
2019-12-31 09:33:33.123	5
2100-01-01 01:33:33.123	0


-- !query
select col, date_format(col, 'WW') from v
-- !query schema
struct<col:timestamp,date_format(col, WW):string>
-- !query output
1582-05-31 19:40:35.123	05
1969-12-31 15:00:00	05
1970-12-31 04:59:59.999	05
1996-03-31 07:03:33.123	04
2018-11-17 05:33:33.123	03
2019-12-31 09:33:33.123	05
2100-01-01 01:33:33.123	00


-- !query
select col, date_format(col, 'u uu uuu uuuu') from v
-- !query schema
struct<col:timestamp,date_format(col, u uu uuu uuuu):string>
-- !query output
1582-05-31 19:40:35.123	4 04 004 0004
1969-12-31 15:00:00	3 03 003 0003
1970-12-31 04:59:59.999	4 04 004 0004
1996-03-31 07:03:33.123	7 07 007 0007
2018-11-17 05:33:33.123	6 06 006 0006
2019-12-31 09:33:33.123	2 02 002 0002
2100-01-01 01:33:33.123	5 05 005 0005


-- !query
select col, date_format(col, 'uuuuu') from v
-- !query schema
struct<col:timestamp,date_format(col, uuuuu):string>
-- !query output
1582-05-31 19:40:35.123	00004
1969-12-31 15:00:00	00003
1970-12-31 04:59:59.999	00004
1996-03-31 07:03:33.123	00007
2018-11-17 05:33:33.123	00006
2019-12-31 09:33:33.123	00002
2100-01-01 01:33:33.123	00005


-- !query
select col, date_format(col, 'E EE EEE EEEE') from v
-- !query schema
struct<col:timestamp,date_format(col, E EE EEE EEEE):string>
-- !query output
1582-05-31 19:40:35.123	Thu Thu Thu Thursday
1969-12-31 15:00:00	Wed Wed Wed Wednesday
1970-12-31 04:59:59.999	Thu Thu Thu Thursday
1996-03-31 07:03:33.123	Sun Sun Sun Sunday
2018-11-17 05:33:33.123	Sat Sat Sat Saturday
2019-12-31 09:33:33.123	Tue Tue Tue Tuesday
2100-01-01 01:33:33.123	Fri Fri Fri Friday


-- !query
select col, date_format(col, 'EEEEE') from v
-- !query schema
struct<col:timestamp,date_format(col, EEEEE):string>
-- !query output
1582-05-31 19:40:35.123	Thursday
1969-12-31 15:00:00	Wednesday
1970-12-31 04:59:59.999	Thursday
1996-03-31 07:03:33.123	Sunday
2018-11-17 05:33:33.123	Saturday
2019-12-31 09:33:33.123	Tuesday
2100-01-01 01:33:33.123	Friday


-- !query
select col, date_format(col, 'F') from v
-- !query schema
struct<col:timestamp,date_format(col, F):string>
-- !query output
1582-05-31 19:40:35.123	5
1969-12-31 15:00:00	5
1970-12-31 04:59:59.999	5
1996-03-31 07:03:33.123	5
2018-11-17 05:33:33.123	3
2019-12-31 09:33:33.123	5
2100-01-01 01:33:33.123	1


-- !query
select col, date_format(col, 'FF') from v
-- !query schema
struct<col:timestamp,date_format(col, FF):string>
-- !query output
1582-05-31 19:40:35.123	05
1969-12-31 15:00:00	05
1970-12-31 04:59:59.999	05
1996-03-31 07:03:33.123	05
2018-11-17 05:33:33.123	03
2019-12-31 09:33:33.123	05
2100-01-01 01:33:33.123	01


-- !query
select col, date_format(col, 'd dd') from v
-- !query schema
struct<col:timestamp,date_format(col, d dd):string>
-- !query output
1582-05-31 19:40:35.123	31 31
1969-12-31 15:00:00	31 31
1970-12-31 04:59:59.999	31 31
1996-03-31 07:03:33.123	31 31
2018-11-17 05:33:33.123	17 17
2019-12-31 09:33:33.123	31 31
2100-01-01 01:33:33.123	1 01


-- !query
select col, date_format(col, 'ddd') from v
-- !query schema
struct<col:timestamp,date_format(col, ddd):string>
-- !query output
1582-05-31 19:40:35.123	031
1969-12-31 15:00:00	031
1970-12-31 04:59:59.999	031
1996-03-31 07:03:33.123	031
2018-11-17 05:33:33.123	017
2019-12-31 09:33:33.123	031
2100-01-01 01:33:33.123	001


-- !query
select col, date_format(col, 'DD') from v where col = timestamp '2100-01-01 01:33:33.123America/Los_Angeles'
-- !query schema
struct<col:timestamp,date_format(col, DD):string>
-- !query output
2100-01-01 01:33:33.123	01


-- !query
select col, date_format(col, 'D DDD') from v
-- !query schema
struct<col:timestamp,date_format(col, D DDD):string>
-- !query output
1582-05-31 19:40:35.123	151 151
1969-12-31 15:00:00	365 365
1970-12-31 04:59:59.999	365 365
1996-03-31 07:03:33.123	91 091
2018-11-17 05:33:33.123	321 321
2019-12-31 09:33:33.123	365 365
2100-01-01 01:33:33.123	1 001


-- !query
select col, date_format(col, 'DD') from v
-- !query schema
struct<col:timestamp,date_format(col, DD):string>
-- !query output
1582-05-31 19:40:35.123	151
1969-12-31 15:00:00	365
1970-12-31 04:59:59.999	365
1996-03-31 07:03:33.123	91
2018-11-17 05:33:33.123	321
2019-12-31 09:33:33.123	365
2100-01-01 01:33:33.123	01


-- !query
select col, date_format(col, 'DDDD') from v
-- !query schema
struct<col:timestamp,date_format(col, DDDD):string>
-- !query output
1582-05-31 19:40:35.123	0151
1969-12-31 15:00:00	0365
1970-12-31 04:59:59.999	0365
1996-03-31 07:03:33.123	0091
2018-11-17 05:33:33.123	0321
2019-12-31 09:33:33.123	0365
2100-01-01 01:33:33.123	0001


-- !query
select col, date_format(col, 'H HH') from v
-- !query schema
struct<col:timestamp,date_format(col, H HH):string>
-- !query output
1582-05-31 19:40:35.123	19 19
1969-12-31 15:00:00	15 15
1970-12-31 04:59:59.999	4 04
1996-03-31 07:03:33.123	7 07
2018-11-17 05:33:33.123	5 05
2019-12-31 09:33:33.123	9 09
2100-01-01 01:33:33.123	1 01


-- !query
select col, date_format(col, 'HHH') from v
-- !query schema
struct<col:timestamp,date_format(col, HHH):string>
-- !query output
1582-05-31 19:40:35.123	019
1969-12-31 15:00:00	015
1970-12-31 04:59:59.999	004
1996-03-31 07:03:33.123	007
2018-11-17 05:33:33.123	005
2019-12-31 09:33:33.123	009
2100-01-01 01:33:33.123	001


-- !query
select col, date_format(col, 'h hh') from v
-- !query schema
struct<col:timestamp,date_format(col, h hh):string>
-- !query output
1582-05-31 19:40:35.123	7 07
1969-12-31 15:00:00	3 03
1970-12-31 04:59:59.999	4 04
1996-03-31 07:03:33.123	7 07
2018-11-17 05:33:33.123	5 05
2019-12-31 09:33:33.123	9 09
2100-01-01 01:33:33.123	1 01


-- !query
select col, date_format(col, 'hhh') from v
-- !query schema
struct<col:timestamp,date_format(col, hhh):string>
-- !query output
1582-05-31 19:40:35.123	007
1969-12-31 15:00:00	003
1970-12-31 04:59:59.999	004
1996-03-31 07:03:33.123	007
2018-11-17 05:33:33.123	005
2019-12-31 09:33:33.123	009
2100-01-01 01:33:33.123	001


-- !query
select col, date_format(col, 'k kk') from v
-- !query schema
struct<col:timestamp,date_format(col, k kk):string>
-- !query output
1582-05-31 19:40:35.123	19 19
1969-12-31 15:00:00	15 15
1970-12-31 04:59:59.999	4 04
1996-03-31 07:03:33.123	7 07
2018-11-17 05:33:33.123	5 05
2019-12-31 09:33:33.123	9 09
2100-01-01 01:33:33.123	1 01


-- !query
select col, date_format(col, 'kkk') from v
-- !query schema
struct<col:timestamp,date_format(col, kkk):string>
-- !query output
1582-05-31 19:40:35.123	019
1969-12-31 15:00:00	015
1970-12-31 04:59:59.999	004
1996-03-31 07:03:33.123	007
2018-11-17 05:33:33.123	005
2019-12-31 09:33:33.123	009
2100-01-01 01:33:33.123	001


-- !query
select col, date_format(col, 'K KK') from v
-- !query schema
struct<col:timestamp,date_format(col, K KK):string>
-- !query output
1582-05-31 19:40:35.123	7 07
1969-12-31 15:00:00	3 03
1970-12-31 04:59:59.999	4 04
1996-03-31 07:03:33.123	7 07
2018-11-17 05:33:33.123	5 05
2019-12-31 09:33:33.123	9 09
2100-01-01 01:33:33.123	1 01


-- !query
select col, date_format(col, 'KKK') from v
-- !query schema
struct<col:timestamp,date_format(col, KKK):string>
-- !query output
1582-05-31 19:40:35.123	007
1969-12-31 15:00:00	003
1970-12-31 04:59:59.999	004
1996-03-31 07:03:33.123	007
2018-11-17 05:33:33.123	005
2019-12-31 09:33:33.123	009
2100-01-01 01:33:33.123	001


-- !query
select col, date_format(col, 'm mm') from v
-- !query schema
struct<col:timestamp,date_format(col, m mm):string>
-- !query output
1582-05-31 19:40:35.123	40 40
1969-12-31 15:00:00	0 00
1970-12-31 04:59:59.999	59 59
1996-03-31 07:03:33.123	3 03
2018-11-17 05:33:33.123	33 33
2019-12-31 09:33:33.123	33 33
2100-01-01 01:33:33.123	33 33


-- !query
select col, date_format(col, 'mmm') from v
-- !query schema
struct<col:timestamp,date_format(col, mmm):string>
-- !query output
1582-05-31 19:40:35.123	040
1969-12-31 15:00:00	000
1970-12-31 04:59:59.999	059
1996-03-31 07:03:33.123	003
2018-11-17 05:33:33.123	033
2019-12-31 09:33:33.123	033
2100-01-01 01:33:33.123	033


-- !query
select col, date_format(col, 's ss') from v
-- !query schema
struct<col:timestamp,date_format(col, s ss):string>
-- !query output
1582-05-31 19:40:35.123	35 35
1969-12-31 15:00:00	0 00
1970-12-31 04:59:59.999	59 59
1996-03-31 07:03:33.123	33 33
2018-11-17 05:33:33.123	33 33
2019-12-31 09:33:33.123	33 33
2100-01-01 01:33:33.123	33 33


-- !query
select col, date_format(col, 'sss') from v
-- !query schema
struct<col:timestamp,date_format(col, sss):string>
-- !query output
1582-05-31 19:40:35.123	035
1969-12-31 15:00:00	000
1970-12-31 04:59:59.999	059
1996-03-31 07:03:33.123	033
2018-11-17 05:33:33.123	033
2019-12-31 09:33:33.123	033
2100-01-01 01:33:33.123	033


-- !query
select col, date_format(col, 'S SS SSS SSSS SSSSS SSSSSS SSSSSSS SSSSSSSS SSSSSSSSS') from v
-- !query schema
struct<col:timestamp,date_format(col, S SS SSS SSSS SSSSS SSSSSS SSSSSSS SSSSSSSS SSSSSSSSS):string>
-- !query output
1582-05-31 19:40:35.123	123 123 123 0123 00123 000123 0000123 00000123 000000123
1969-12-31 15:00:00	0 00 000 0000 00000 000000 0000000 00000000 000000000
1970-12-31 04:59:59.999	999 999 999 0999 00999 000999 0000999 00000999 000000999
1996-03-31 07:03:33.123	123 123 123 0123 00123 000123 0000123 00000123 000000123
2018-11-17 05:33:33.123	123 123 123 0123 00123 000123 0000123 00000123 000000123
2019-12-31 09:33:33.123	123 123 123 0123 00123 000123 0000123 00000123 000000123
2100-01-01 01:33:33.123	123 123 123 0123 00123 000123 0000123 00000123 000000123


-- !query
select col, date_format(col, 'SSSSSSSSSS') from v
-- !query schema
struct<col:timestamp,date_format(col, SSSSSSSSSS):string>
-- !query output
1582-05-31 19:40:35.123	0000000123
1969-12-31 15:00:00	0000000000
1970-12-31 04:59:59.999	0000000999
1996-03-31 07:03:33.123	0000000123
2018-11-17 05:33:33.123	0000000123
2019-12-31 09:33:33.123	0000000123
2100-01-01 01:33:33.123	0000000123


-- !query
select col, date_format(col, 'a') from v
-- !query schema
struct<col:timestamp,date_format(col, a):string>
-- !query output
1582-05-31 19:40:35.123	PM
1969-12-31 15:00:00	PM
1970-12-31 04:59:59.999	AM
1996-03-31 07:03:33.123	AM
2018-11-17 05:33:33.123	AM
2019-12-31 09:33:33.123	AM
2100-01-01 01:33:33.123	AM


-- !query
select col, date_format(col, 'aa') from v
-- !query schema
struct<col:timestamp,date_format(col, aa):string>
-- !query output
1582-05-31 19:40:35.123	PM
1969-12-31 15:00:00	PM
1970-12-31 04:59:59.999	AM
1996-03-31 07:03:33.123	AM
2018-11-17 05:33:33.123	AM
2019-12-31 09:33:33.123	AM
2100-01-01 01:33:33.123	AM


-- !query
select col, date_format(col, 'VV') from v
-- !query schema
struct<>
-- !query output
java.lang.IllegalArgumentException
Illegal pattern character 'V'


-- !query
select col, date_format(col, 'V') from v
-- !query schema
struct<>
-- !query output
java.lang.IllegalArgumentException
Illegal pattern character 'V'


-- !query
select col, date_format(col, 'z zz zzz zzzz') from v
-- !query schema
struct<col:timestamp,date_format(col, z zz zzz zzzz):string>
-- !query output
1582-05-31 19:40:35.123	PST PST PST Pacific Standard Time
1969-12-31 15:00:00	PST PST PST Pacific Standard Time
1970-12-31 04:59:59.999	PST PST PST Pacific Standard Time
1996-03-31 07:03:33.123	PST PST PST Pacific Standard Time
2018-11-17 05:33:33.123	PST PST PST Pacific Standard Time
2019-12-31 09:33:33.123	PST PST PST Pacific Standard Time
2100-01-01 01:33:33.123	PST PST PST Pacific Standard Time


-- !query
select col, date_format(col, 'zzzzz') from v
-- !query schema
struct<col:timestamp,date_format(col, zzzzz):string>
-- !query output
1582-05-31 19:40:35.123	Pacific Standard Time
1969-12-31 15:00:00	Pacific Standard Time
1970-12-31 04:59:59.999	Pacific Standard Time
1996-03-31 07:03:33.123	Pacific Standard Time
2018-11-17 05:33:33.123	Pacific Standard Time
2019-12-31 09:33:33.123	Pacific Standard Time
2100-01-01 01:33:33.123	Pacific Standard Time


-- !query
select col, date_format(col, 'X XX XXX') from v
-- !query schema
struct<col:timestamp,date_format(col, X XX XXX):string>
-- !query output
1582-05-31 19:40:35.123	-08 -0800 -08:00
1969-12-31 15:00:00	-08 -0800 -08:00
1970-12-31 04:59:59.999	-08 -0800 -08:00
1996-03-31 07:03:33.123	-08 -0800 -08:00
2018-11-17 05:33:33.123	-08 -0800 -08:00
2019-12-31 09:33:33.123	-08 -0800 -08:00
2100-01-01 01:33:33.123	-08 -0800 -08:00


-- !query
select col, date_format(col, 'XXXX XXXXX') from v
-- !query schema
struct<>
-- !query output
java.lang.IllegalArgumentException
invalid ISO 8601 format: length=4


-- !query
select col, date_format(col, 'XXXXXX') from v
-- !query schema
struct<>
-- !query output
java.lang.IllegalArgumentException
invalid ISO 8601 format: length=6


-- !query
select col, date_format(col, 'Z ZZ ZZZ ZZZZ ZZZZZ') from v
-- !query schema
struct<col:timestamp,date_format(col, Z ZZ ZZZ ZZZZ ZZZZZ):string>
-- !query output
1582-05-31 19:40:35.123	-0800 -0800 -0800 -0800 -0800
1969-12-31 15:00:00	-0800 -0800 -0800 -0800 -0800
1970-12-31 04:59:59.999	-0800 -0800 -0800 -0800 -0800
1996-03-31 07:03:33.123	-0800 -0800 -0800 -0800 -0800
2018-11-17 05:33:33.123	-0800 -0800 -0800 -0800 -0800
2019-12-31 09:33:33.123	-0800 -0800 -0800 -0800 -0800
2100-01-01 01:33:33.123	-0800 -0800 -0800 -0800 -0800


-- !query
select col, date_format(col, 'ZZZZZZ') from v
-- !query schema
struct<col:timestamp,date_format(col, ZZZZZZ):string>
-- !query output
1582-05-31 19:40:35.123	-0800
1969-12-31 15:00:00	-0800
1970-12-31 04:59:59.999	-0800
1996-03-31 07:03:33.123	-0800
2018-11-17 05:33:33.123	-0800
2019-12-31 09:33:33.123	-0800
2100-01-01 01:33:33.123	-0800


-- !query
select col, date_format(col, 'O OOOO') from v
-- !query schema
struct<>
-- !query output
java.lang.IllegalArgumentException
Illegal pattern character 'O'


-- !query
select col, date_format(col, 'OO') from v
-- !query schema
struct<>
-- !query output
java.lang.IllegalArgumentException
Illegal pattern character 'O'


-- !query
select col, date_format(col, 'x xx xxx xxxx xxxx xxxxx') from v
-- !query schema
struct<>
-- !query output
java.lang.IllegalArgumentException
Illegal pattern character 'x'


-- !query
select col, date_format(col, 'xxxxxx') from v
-- !query schema
struct<>
-- !query output
java.lang.IllegalArgumentException
Illegal pattern character 'x'
