-- Automatically generated by SQLQueryTestSuite
-- Number of queries: 7


-- !query
create temporary view ttt as select t from VALUES
 (timestamp '1582-06-01 11:33:33.123UTC+080000'),
 (timestamp '1970-01-01 00:00:00.000Europe/Paris'),
 (timestamp '1970-12-31 23:59:59.999Asia/Srednekolymsk'),
 (timestamp '1996-04-01 00:33:33.123Australia/Darwin'),
 (timestamp '2018-11-17 13:33:33.123Z'),
 (timestamp '2020-01-01 01:33:33.123Asia/Shanghai'),
 (timestamp '2100-01-01 01:33:33.123America/Los_Angeles') tt(t)
-- !query schema
struct<>
-- !query output



-- !query
select t, date_format(t, 'Y-w-u YYYY-ww-uu YYY-W-uuu YY YYYYY uuuu E EE EEE EEEE') from ttt
-- !query schema
struct<t:timestamp,date_format(t, Y-w-u YYYY-ww-uu YYY-W-uuu YY YYYYY uuuu E EE EEE EEEE):string>
-- !query output
1582-05-31 19:40:35.123	1582-22-1 1582-22-01 1582-5-Mon 82 01582 Monday Mon Mon Mon Monday
1969-12-31 15:00:00	1970-1-3 1970-01-03 1970-5-Wed 70 01970 Wednesday Wed Wed Wed Wednesday
1970-12-31 04:59:59.999	1970-53-4 1970-53-04 1970-5-Thu 70 01970 Thursday Thu Thu Thu Thursday
1996-03-31 07:03:33.123	1996-13-7 1996-13-07 1996-4-Sun 96 01996 Sunday Sun Sun Sun Sunday
2018-11-17 05:33:33.123	2018-46-6 2018-46-06 2018-3-Sat 18 02018 Saturday Sat Sat Sat Saturday
2019-12-31 09:33:33.123	2020-1-2 2020-01-02 2020-5-Tue 20 02020 Tuesday Tue Tue Tue Tuesday
2100-01-01 01:33:33.123	2099-53-5 2099-53-05 2099-0-Fri 99 02099 Friday Fri Fri Fri Friday


-- !query
select t, date_format(t, 'q qq Q QQ QQQ QQQQ') from ttt
-- !query schema
struct<t:timestamp,date_format(t, q qq Q QQ QQQ QQQQ):string>
-- !query output
1582-05-31 19:40:35.123	2 02 2 02 Q2 2nd quarter
1969-12-31 15:00:00	4 04 4 04 Q4 4th quarter
1970-12-31 04:59:59.999	4 04 4 04 Q4 4th quarter
1996-03-31 07:03:33.123	1 01 1 01 Q1 1st quarter
2018-11-17 05:33:33.123	4 04 4 04 Q4 4th quarter
2019-12-31 09:33:33.123	4 04 4 04 Q4 4th quarter
2100-01-01 01:33:33.123	1 01 1 01 Q1 1st quarter


-- !query
select t, date_format(t, 'y-M-d H:m:s yyyy-MM-dd HH:mm:ss.SSS yy yyy yyyyy MMM MMMM L LL F h hh k kk K KK a') from ttt
-- !query schema
struct<t:timestamp,date_format(t, y-M-d H:m:s yyyy-MM-dd HH:mm:ss.SSS yy yyy yyyyy MMM MMMM L LL F h hh k kk K KK a):string>
-- !query output
1582-05-31 19:40:35.123	1582-5-31 19:40:35 1582-05-31 19:40:35.123 82 1582 01582 May May 5 05 3 7 07 19 19 7 07 PM
1969-12-31 15:00:00	1969-12-31 15:0:0 1969-12-31 15:00:00.000 69 1969 01969 Dec December 12 12 3 3 03 15 15 3 03 PM
1970-12-31 04:59:59.999	1970-12-31 4:59:59 1970-12-31 04:59:59.999 70 1970 01970 Dec December 12 12 3 4 04 4 04 4 04 AM
1996-03-31 07:03:33.123	1996-3-31 7:3:33 1996-03-31 07:03:33.123 96 1996 01996 Mar March 3 03 3 7 07 7 07 7 07 AM
2018-11-17 05:33:33.123	2018-11-17 5:33:33 2018-11-17 05:33:33.123 18 2018 02018 Nov November 11 11 3 5 05 5 05 5 05 AM
2019-12-31 09:33:33.123	2019-12-31 9:33:33 2019-12-31 09:33:33.123 19 2019 02019 Dec December 12 12 3 9 09 9 09 9 09 AM
2100-01-01 01:33:33.123	2100-1-1 1:33:33 2100-01-01 01:33:33.123 00 2100 02100 Jan January 1 01 1 1 01 1 01 1 01 AM


-- !query
select t, date_format(t, 'z zz zzz zzzz X XX XXX  Z ZZ ZZZ ZZZZ ZZZZZ') from ttt
-- !query schema
struct<t:timestamp,date_format(t, z zz zzz zzzz X XX XXX  Z ZZ ZZZ ZZZZ ZZZZZ):string>
-- !query output
1582-05-31 19:40:35.123	PST PST PST Pacific Standard Time -0752 -0752 -07:52  -0752 -0752 -0752 GMT-07:52:58 -07:52:58
1969-12-31 15:00:00	PST PST PST Pacific Standard Time -08 -0800 -08:00  -0800 -0800 -0800 GMT-08:00 -08:00
1970-12-31 04:59:59.999	PST PST PST Pacific Standard Time -08 -0800 -08:00  -0800 -0800 -0800 GMT-08:00 -08:00
1996-03-31 07:03:33.123	PST PST PST Pacific Standard Time -08 -0800 -08:00  -0800 -0800 -0800 GMT-08:00 -08:00
2018-11-17 05:33:33.123	PST PST PST Pacific Standard Time -08 -0800 -08:00  -0800 -0800 -0800 GMT-08:00 -08:00
2019-12-31 09:33:33.123	PST PST PST Pacific Standard Time -08 -0800 -08:00  -0800 -0800 -0800 GMT-08:00 -08:00
2100-01-01 01:33:33.123	PST PST PST Pacific Standard Time -08 -0800 -08:00  -0800 -0800 -0800 GMT-08:00 -08:00


-- !query
select t, date_format(t, 'VV O OOOO XXXX XXXXX x xx xxx xxxx xxxx xxxxx') from ttt
-- !query schema
struct<t:timestamp,date_format(t, VV O OOOO XXXX XXXXX x xx xxx xxxx xxxx xxxxx):string>
-- !query output
1582-05-31 19:40:35.123	America/Los_Angeles GMT-7:52:58 GMT-07:52:58 -075258 -07:52:58 -0752 -0752 -07:52 -075258 -075258 -07:52:58
1969-12-31 15:00:00	America/Los_Angeles GMT-8 GMT-08:00 -0800 -08:00 -08 -0800 -08:00 -0800 -0800 -08:00
1970-12-31 04:59:59.999	America/Los_Angeles GMT-8 GMT-08:00 -0800 -08:00 -08 -0800 -08:00 -0800 -0800 -08:00
1996-03-31 07:03:33.123	America/Los_Angeles GMT-8 GMT-08:00 -0800 -08:00 -08 -0800 -08:00 -0800 -0800 -08:00
2018-11-17 05:33:33.123	America/Los_Angeles GMT-8 GMT-08:00 -0800 -08:00 -08 -0800 -08:00 -0800 -0800 -08:00
2019-12-31 09:33:33.123	America/Los_Angeles GMT-8 GMT-08:00 -0800 -08:00 -08 -0800 -08:00 -0800 -0800 -08:00
2100-01-01 01:33:33.123	America/Los_Angeles GMT-8 GMT-08:00 -0800 -08:00 -08 -0800 -08:00 -0800 -0800 -08:00


-- !query
select date_format(date '1970-01-01', 'D DD DDD')
-- !query schema
struct<date_format(CAST(DATE '1970-01-01' AS TIMESTAMP), D DD DDD):string>
-- !query output
1 01 001
