-- Automatically generated by SQLQueryTestSuite
-- Number of queries: 7


-- !query
create temporary view v as select t from values
 (timestamp '1582-06-01 11:33:33.123UTC+080000'),
 (timestamp '1970-01-01 00:00:00.000Europe/Paris'),
 (timestamp '1970-12-31 23:59:59.999Asia/Srednekolymsk'),
 (timestamp '1996-04-01 00:33:33.123Australia/Darwin'),
 (timestamp '2018-11-17 13:33:33.123Z'),
 (timestamp '2020-01-01 01:33:33.123Asia/Shanghai'),
 (timestamp '2100-01-01 01:33:33.123America/Los_Angeles') t(col)
-- !query schema
struct<>
-- !query output
org.apache.spark.sql.AnalysisException
cannot resolve '`t`' given input columns: [t.col]; line 1 pos 34


-- !query
select col, date_format(col, 'Y-w-u YYYY-ww-uu YYY-W-uuu YY YYYYY uuuu E EE EEE EEEE') from v
-- !query schema
struct<>
-- !query output
org.apache.spark.sql.AnalysisException
Table or view not found: v; line 1 pos 92


-- !query
select col, date_format(col, 'q qq Q QQ QQQ QQQQ') from v
-- !query schema
struct<>
-- !query output
org.apache.spark.sql.AnalysisException
Table or view not found: v; line 1 pos 56


-- !query
select col, date_format(col, 'y-M-d H:m:s yyyy-MM-dd HH:mm:ss.SSS yy yyy yyyyy MMM MMMM L LL F h hh k kk K KK a') from v
-- !query schema
struct<>
-- !query output
org.apache.spark.sql.AnalysisException
Table or view not found: v; line 1 pos 119


-- !query
select col, date_format(col, 'z zz zzz zzzz X XX XXX  Z ZZ ZZZ ZZZZ ZZZZZ') from v
-- !query schema
struct<>
-- !query output
org.apache.spark.sql.AnalysisException
Table or view not found: v; line 1 pos 81


-- !query
select col, date_format(col, 'VV O OOOO XXXX XXXXX x xx xxx xxxx xxxx xxxxx') from v
-- !query schema
struct<>
-- !query output
org.apache.spark.sql.AnalysisException
Table or view not found: v; line 1 pos 83


-- !query
select date_format(date '1970-01-01', 'D DD DDD')
-- !query schema
struct<date_format(CAST(DATE '1970-01-01' AS TIMESTAMP), D DD DDD):string>
-- !query output
1 01 001
