-- Automatically generated by SQLQueryTestSuite
-- Number of queries: 65


-- !query
select to_timestamp('1', 'y')
-- !query schema
struct<to_timestamp(1, y):timestamp>
-- !query output
0001-01-01 00:00:00


-- !query
select to_timestamp('12', 'y')
-- !query schema
struct<to_timestamp(12, y):timestamp>
-- !query output
2012-01-01 00:00:00


-- !query
select to_timestamp('123', 'y')
-- !query schema
struct<to_timestamp(123, y):timestamp>
-- !query output
0123-01-01 00:00:00


-- !query
select to_timestamp('1234', 'y')
-- !query schema
struct<to_timestamp(1234, y):timestamp>
-- !query output
1234-01-01 00:00:00


-- !query
select to_timestamp('12345', 'y')
-- !query schema
struct<to_timestamp(12345, y):timestamp>
-- !query output
12345-01-01 00:00:00


-- !query
select to_timestamp('123456', 'y')
-- !query schema
struct<to_timestamp(123456, y):timestamp>
-- !query output
123456-01-01 00:00:00


-- !query
select to_timestamp('12', 'yy')
-- !query schema
struct<to_timestamp(12, yy):timestamp>
-- !query output
2012-01-01 00:00:00


-- !query
select to_timestamp('123', 'yyy')
-- !query schema
struct<to_timestamp(123, yyy):timestamp>
-- !query output
0123-01-01 00:00:00


-- !query
select to_timestamp('1234', 'yyy')
-- !query schema
struct<to_timestamp(1234, yyy):timestamp>
-- !query output
1234-01-01 00:00:00


-- !query
select to_timestamp('12345', 'yyy')
-- !query schema
struct<to_timestamp(12345, yyy):timestamp>
-- !query output
12345-01-01 00:00:00


-- !query
select to_timestamp('123456', 'yyy')
-- !query schema
struct<to_timestamp(123456, yyy):timestamp>
-- !query output
123456-01-01 00:00:00


-- !query
select to_timestamp('1', 'yyyy')
-- !query schema
struct<to_timestamp(1, yyyy):timestamp>
-- !query output
0001-01-01 00:00:00


-- !query
select to_timestamp('12', 'yyyy')
-- !query schema
struct<to_timestamp(12, yyyy):timestamp>
-- !query output
0012-01-01 00:00:00


-- !query
select to_timestamp('123', 'yyyy')
-- !query schema
struct<to_timestamp(123, yyyy):timestamp>
-- !query output
0123-01-01 00:00:00


-- !query
select to_timestamp('1234', 'yyyy')
-- !query schema
struct<to_timestamp(1234, yyyy):timestamp>
-- !query output
1234-01-01 00:00:00


-- !query
select to_timestamp('12345', 'yyyy')
-- !query schema
struct<to_timestamp(12345, yyyy):timestamp>
-- !query output
12345-01-01 00:00:00


-- !query
select to_timestamp('123456', 'yyyy')
-- !query schema
struct<to_timestamp(123456, yyyy):timestamp>
-- !query output
123456-01-01 00:00:00


-- !query
select to_timestamp('1', 'yyyyy')
-- !query schema
struct<to_timestamp(1, yyyyy):timestamp>
-- !query output
0001-01-01 00:00:00


-- !query
select to_timestamp('12', 'yyyyy')
-- !query schema
struct<to_timestamp(12, yyyyy):timestamp>
-- !query output
0012-01-01 00:00:00


-- !query
select to_timestamp('123', 'yyyyy')
-- !query schema
struct<to_timestamp(123, yyyyy):timestamp>
-- !query output
0123-01-01 00:00:00


-- !query
select to_timestamp('1234', 'yyyyy')
-- !query schema
struct<to_timestamp(1234, yyyyy):timestamp>
-- !query output
1234-01-01 00:00:00


-- !query
select to_timestamp('12345', 'yyyyy')
-- !query schema
struct<to_timestamp(12345, yyyyy):timestamp>
-- !query output
12345-01-01 00:00:00


-- !query
select to_timestamp('123456', 'yyyyy')
-- !query schema
struct<to_timestamp(123456, yyyyy):timestamp>
-- !query output
123456-01-01 00:00:00


-- !query
select to_timestamp('1', 'yyyyyy')
-- !query schema
struct<to_timestamp(1, yyyyyy):timestamp>
-- !query output
0001-01-01 00:00:00


-- !query
select to_timestamp('12', 'yyyyyy')
-- !query schema
struct<to_timestamp(12, yyyyyy):timestamp>
-- !query output
0012-01-01 00:00:00


-- !query
select to_timestamp('123', 'yyyyyy')
-- !query schema
struct<to_timestamp(123, yyyyyy):timestamp>
-- !query output
0123-01-01 00:00:00


-- !query
select to_timestamp('1234', 'yyyyyy')
-- !query schema
struct<to_timestamp(1234, yyyyyy):timestamp>
-- !query output
1234-01-01 00:00:00


-- !query
select to_timestamp('12345', 'yyyyyy')
-- !query schema
struct<to_timestamp(12345, yyyyyy):timestamp>
-- !query output
12345-01-01 00:00:00


-- !query
select to_timestamp('123456', 'yyyyyy')
-- !query schema
struct<to_timestamp(123456, yyyyyy):timestamp>
-- !query output
123456-01-01 00:00:00


-- !query
select to_timestamp('1', 'yyyyyyy')
-- !query schema
struct<to_timestamp(1, yyyyyyy):timestamp>
-- !query output
0001-01-01 00:00:00


-- !query
select to_timestamp('12', 'yyyyyyy')
-- !query schema
struct<to_timestamp(12, yyyyyyy):timestamp>
-- !query output
0012-01-01 00:00:00


-- !query
select to_timestamp('123', 'yyyyyyy')
-- !query schema
struct<to_timestamp(123, yyyyyyy):timestamp>
-- !query output
0123-01-01 00:00:00


-- !query
select to_timestamp('1234', 'yyyyyyy')
-- !query schema
struct<to_timestamp(1234, yyyyyyy):timestamp>
-- !query output
1234-01-01 00:00:00


-- !query
select to_timestamp('12345', 'yyyyyyy')
-- !query schema
struct<to_timestamp(12345, yyyyyyy):timestamp>
-- !query output
12345-01-01 00:00:00


-- !query
select to_timestamp('123456', 'yyyyyyy')
-- !query schema
struct<to_timestamp(123456, yyyyyyy):timestamp>
-- !query output
123456-01-01 00:00:00


-- !query
select to_timestamp('1', 'yyyyyyyy')
-- !query schema
struct<to_timestamp(1, yyyyyyyy):timestamp>
-- !query output
0001-01-01 00:00:00


-- !query
select to_timestamp('12', 'yyyyyyyy')
-- !query schema
struct<to_timestamp(12, yyyyyyyy):timestamp>
-- !query output
0012-01-01 00:00:00


-- !query
select to_timestamp('123', 'yyyyyyyy')
-- !query schema
struct<to_timestamp(123, yyyyyyyy):timestamp>
-- !query output
0123-01-01 00:00:00


-- !query
select to_timestamp('1234', 'yyyyyyyy')
-- !query schema
struct<to_timestamp(1234, yyyyyyyy):timestamp>
-- !query output
1234-01-01 00:00:00


-- !query
select to_timestamp('12345', 'yyyyyyyy')
-- !query schema
struct<to_timestamp(12345, yyyyyyyy):timestamp>
-- !query output
12345-01-01 00:00:00


-- !query
select to_timestamp('123456', 'yyyyyyyy')
-- !query schema
struct<to_timestamp(123456, yyyyyyyy):timestamp>
-- !query output
123456-01-01 00:00:00


-- !query
select to_timestamp('1', 'yyyyyyyyyy')
-- !query schema
struct<to_timestamp(1, yyyyyyyyyy):timestamp>
-- !query output
0001-01-01 00:00:00


-- !query
select to_timestamp('12', 'yyyyyyyyyy')
-- !query schema
struct<to_timestamp(12, yyyyyyyyyy):timestamp>
-- !query output
0012-01-01 00:00:00


-- !query
select to_timestamp('123', 'yyyyyyyyyy')
-- !query schema
struct<to_timestamp(123, yyyyyyyyyy):timestamp>
-- !query output
0123-01-01 00:00:00


-- !query
select to_timestamp('1234', 'yyyyyyyyyy')
-- !query schema
struct<to_timestamp(1234, yyyyyyyyyy):timestamp>
-- !query output
1234-01-01 00:00:00


-- !query
select to_timestamp('123456', 'yyyyyyyyyy')
-- !query schema
struct<to_timestamp(123456, yyyyyyyyyy):timestamp>
-- !query output
123456-01-01 00:00:00


-- !query
select to_timestamp('1', 'yyyyyyyyyyy')
-- !query schema
struct<to_timestamp(1, yyyyyyyyyyy):timestamp>
-- !query output
0001-01-01 00:00:00


-- !query
select to_timestamp('12', 'yyyyyyyyyyy')
-- !query schema
struct<to_timestamp(12, yyyyyyyyyyy):timestamp>
-- !query output
0012-01-01 00:00:00


-- !query
select to_timestamp('123', 'yyyyyyyyyyy')
-- !query schema
struct<to_timestamp(123, yyyyyyyyyyy):timestamp>
-- !query output
0123-01-01 00:00:00


-- !query
select to_timestamp('1234', 'yyyyyyyyyyy')
-- !query schema
struct<to_timestamp(1234, yyyyyyyyyyy):timestamp>
-- !query output
1234-01-01 00:00:00


-- !query
select to_timestamp('12345', 'yyyyyyyyyyy')
-- !query schema
struct<to_timestamp(12345, yyyyyyyyyyy):timestamp>
-- !query output
12345-01-01 00:00:00


-- !query
select to_timestamp('123456', 'yyyyyyyyyyy')
-- !query schema
struct<to_timestamp(123456, yyyyyyyyyyy):timestamp>
-- !query output
123456-01-01 00:00:00


-- !query
select to_timestamp('9', 'D')
-- !query schema
struct<to_timestamp(9, D):timestamp>
-- !query output
1970-01-09 00:00:00


-- !query
select to_timestamp('300', 'D')
-- !query schema
struct<to_timestamp(300, D):timestamp>
-- !query output
1970-10-27 00:00:00


-- !query
select to_timestamp('09', 'DD')
-- !query schema
struct<to_timestamp(09, DD):timestamp>
-- !query output
1970-01-09 00:00:00


-- !query
select to_timestamp('99', 'DD')
-- !query schema
struct<to_timestamp(99, DD):timestamp>
-- !query output
1970-04-09 00:00:00


-- !query
select to_timestamp('009', 'DDD')
-- !query schema
struct<to_timestamp(009, DDD):timestamp>
-- !query output
1970-01-09 00:00:00


-- !query
select to_timestamp('365', 'DDD')
-- !query schema
struct<to_timestamp(365, DDD):timestamp>
-- !query output
1970-12-31 00:00:00


-- !query
select to_timestamp('31-365', 'dd-DDD')
-- !query schema
struct<to_timestamp(31-365, dd-DDD):timestamp>
-- !query output
1970-12-31 00:00:00


-- !query
select to_timestamp('12-365', 'MM-DDD')
-- !query schema
struct<to_timestamp(12-365, MM-DDD):timestamp>
-- !query output
1970-12-31 00:00:00


-- !query
select to_timestamp('2020-365', 'yyyy-DDD')
-- !query schema
struct<to_timestamp(2020-365, yyyy-DDD):timestamp>
-- !query output
2020-12-30 00:00:00


-- !query
select to_timestamp('12-31-365', 'MM-dd-DDD')
-- !query schema
struct<to_timestamp(12-31-365, MM-dd-DDD):timestamp>
-- !query output
1970-12-31 00:00:00


-- !query
select to_timestamp('2020-30-365', 'yyyy-dd-DDD')
-- !query schema
struct<to_timestamp(2020-30-365, yyyy-dd-DDD):timestamp>
-- !query output
2020-12-30 00:00:00


-- !query
select to_timestamp('2020-12-350', 'yyyy-MM-DDD')
-- !query schema
struct<to_timestamp(2020-12-350, yyyy-MM-DDD):timestamp>
-- !query output
2020-12-15 00:00:00


-- !query
select to_timestamp('2020-12-31-366', 'yyyy-MM-dd-DDD')
-- !query schema
struct<to_timestamp(2020-12-31-366, yyyy-MM-dd-DDD):timestamp>
-- !query output
2020-12-31 00:00:00
